INSERT INTO `ingredient` (`id`, `nom`) VALUES
(131, ' beef roast'),
(132, 'brown gravy mix'),
(133, 'dried Italian salad dressing mix'),
(134, 'dry ranch dressing mix'),
(135, 'water'),
(136, ' asparagus'),
(137, 'olive oil'),
(138, 'kosher salt'),
(139, 'beef broth'),
(140, 'dried green lentils'),
(141, 'basmati rice'),
(142, 'curry powder'),
(143, 'salt'),
(144, 'yeast'),
(145, 'flour'),
(146, 'vegetable oil'),
(147, 'sugar'),
(149, 'hot water'),
(150, 'pizza sauce'),
(151, 'mozzarella cheese'),
(152, 'acorn squash'),
(153, 'boiling water'),
(154, 'apples chopped into 1.4 inch pieces'),
(155, 'dried cranberries'),
(156, 'cinnamon'),
(157, 'melted butter'),
(158, 'plain flour'),
(159, 'eggs'),
(160, 'milk'),
(162, 'raisins'),
(163, 'cup water'),
(164, 'shortening'),
(167, 'soda'),
(170, 'baking powder'),
(171, 'cloves'),
(172, 'oats'),
(173, 'chopped nuts'),
(174, 'rolled oats, (not instant)'),
(175, 'all-purpose flour'),
(176, 'grated orange rind'),
(178, 'cold butter, cubed'),
(179, 'packed brown sugar'),
(180, 'fresh blueberries'),
(181, 'granulated sugar'),
(182, 'orange juice'),
(183, 'cornstarch'),
(184, 'skinless, boneless chicken breasts, halved lengthwise'),
(185, 'mayonnaise'),
(186, 'lemon zest'),
(187, 'lemon juice'),
(190, 'ripe mangoes, diced'),
(192, 'green onions, thinly sliced'),
(193, 'celery stalk, finely chopped'),
(194, 'Boston lettuce'),
(195, 'English muffins, toasted');

INSERT INTO `ingredient_recette` (`id`, `ingredient`, `recette`) VALUES
(1, 176, 7),
(2, 137, 4),
(3, 156, 6),
(4, 149, 9),
(5, 144, 7),
(6, 142, 8),
(7, 154, 6),
(8, 149, 2),
(9, 160, 4),
(10, 162, 6),
(11, 146, 6),
(12, 183, 6),
(13, 142, 2),
(14, 174, 6),
(15, 147, 2),
(16, 151, 9),
(17, 151, 3),
(18, 157, 3),
(19, 150, 8),
(20, 157, 4),
(21, 192, 9),
(22, 152, 8),
(23, 175, 2),
(24, 145, 4),
(25, 138, 4),
(26, 194, 8),
(27, 147, 1),
(28, 138, 6),
(29, 139, 5),
(30, 173, 2);

INSERT INTO `personnes` (`id`, `username`) VALUES
(1, 'Johnny');

INSERT INTO `recettes` (`id`, `title`, `content`, `like`, `picture`, `date`, `user_id`) VALUES
(1, 'Crock Pot Roast', 'Place beef roast in crock pot. Mix the dried mixes together in a bowl and sprinkle over the roast. Pour the water around the roast. Cook on low for 7-9 hours.', 6256, '5', '2022-09-26 00:00:00', 1),
(2, 'Roasted Asparagus', 'Preheat oven to 425°F. Cut off the woody bottom part of the asparagus spears and discard. With a vegetable peeler, peel off the skin on the bottom 2-3 inches of the spears (this keeps the asparagus from being all.\",string.\", and if you eat asparagus you know what I mean by that). Place asparagus on foil-lined baking sheet and drizzle with olive oil. Sprinkle with salt. With your hands, roll the asparagus around until they are evenly coated with oil and salt. Roast for 10-15 minutes, depending on the thickness of your stalks and how tender you like them. They should be tender when pierced with the tip of a knife. The tips of the spears will get very brown but watch them to prevent burning. They are great plain, but sometimes I serve them with a light vinaigrette if we need something acidic to balance out our meal.', 5451, '2', '2022-09-26 00:00:00', 1),
(3, 'Curried Lentils and Rice', 'Bring broth to a low boil. Add curry powder and salt. Cook lentils for 20 minutes. Add rice and simmer for 20 minutes. Enjoy!', 5848, '6', '2022-09-26 00:00:00', 1),
(4, 'Big Night Pizza', 'Add hot water to yeast in a large bowl and let sit for 15 minutes. Mix in oil, sugar, salt, and flour and let sit for 1 hour. Knead the dough and spread onto a pan. Spread pizza sauce and sprinkle cheese. Add any optional toppings as you wish. Bake at 400 deg Fahrenheit for 15 minutes. Enjoy!', 8804, '1', '2022-09-26 00:00:00', 1),
(5, 'Cranberry and Apple Stuffed Acorn Squash Recipe', 'Cut squash in half, remove seeds. Place squash in baking dish, cut-side down. Pour 1/4-inch water into dish. Bake for 30 minutes at 350 degrees F. In large bowl, combine remaining ingredients. Remove squash from oven, fill with mix. Bake for 30-40 more minutes, until squash tender. Enjoy!', 3402, '5', '2022-09-26 00:00:00', 1),
(6, 'Mic\'s Yorkshire Puds', 'Put the flour and some seasoning into a large bowl. Stir in eggs, one at a time. Whisk in milk until you have a smooth batter. Chill in the fridge for at least 30 minutes. Heat oven to 220C/gas mark 7. Pour the oil into the holes of a 8-hole muffin tin. Heat tin in the oven for 5 minutes. Ladle the batter mix into the tin. Bake for 30 minutes until well browned and risen.', 9354, '3', '2022-09-26 00:00:00', 1),
(7, 'Old-Fashioned Oatmeal Cookies', 'Simmer raisins and water over medium heat until raisins are plump, about 15 minutes. Drain raisins, reserving the liquid. Add enough water to reserved liquid to measure 1/2 cup. Heat oven to 400°. Mix thoroughly shortening, sugar, eggs and vanilla. Stir in reserved liquid. Blend in remaining ingredients. Drop dough by rounded teaspoonfuls about 2 inches apart onto ungreased baking sheet. Bake 8 to 10 minutes or until light brown. About 6 1/2 dozen cookies.', 8816, '6', '2022-09-26 00:00:00', 1),
(8, 'Blueberry Oatmeal Squares', 'Filling: In saucepan, bring blueberries, sugar and orange juice to boil; reduce heat and simmer until tender, about 10 minutes. Whisk cornstarch with 2 tbsp (25 mL) water; whisk into blueberries and boil, stirring, until thickened, about 1 minute. Place plastic wrap directly on surface; refrigerate until cooled, about 1 hour. In large bowl, whisk together oats, flour, sugar, orange rind and salt ; with pastry blender, cut in butter until in coarse crumbs. Press half into 8-inch (2 L) square parchment paper–lined metal cake pan; spread with blueberry filling. Bake in centre of 350°F oven until light golden, about 45 minutes. Let cool on rack before cutting into squares. (Make-ahead: Cover and refrigerate for up to 2 days or overwrap with heavy-duty foil and freeze for up to 2 weeks.)', 5264, '4', '2022-09-26 00:00:00', 1),
(9, 'Curried chicken salad', 'ARRANGE chicken in a single layer in a large pot. Add water to just cover. Bring to a boil over medium-high. Flip chicken, reduce heat to medium and simmer until cooked, about 6 more min. Cool. STIR mayo with lemon zest, juice, curry and salt in large bowl. Using 2 forks, shred chicken, then stir into mayo mixture with mango, cranberries, green onions and celery. Divide among muffins with lettuce leaves Sandwich with tops', 4909, '4', '2022-09-26 00:00:00', 1);
